Job ID , Job Title        , Required Skills IDs , Description
1, Data Scientist   ," 1, 3                ", Analyze and interpret complex data to aid decision-making.
2, Project Manager  ," 2, 4                "," Plan, execute, and oversee projects to ensure successful completion."
3, Software Engineer    ," 5, 11, 17, 27       "," Design, develop, test, and maintain software applications."
4, Data Analyst         ," 3, 15, 19           "," Analyze datasets, conduct research, and develop data visualizations."
5, Marketing Manager    ," 4, 12, 20           "," Develop marketing strategies, create content, and manage campaigns."
6, Frontend Developer   ," 13, 21, 25, 39      "," Design and develop user interfaces, ensure responsiveness, and optimize performance."
7, HR Coordinator       ," 2, 28, 34           "," Coordinate recruitment processes, manage employee relations, and facilitate training programs."
8, Financial Analyst    ," 11, 31, 47          "," Conduct financial analysis, prepare reports, and provide insights for decision-making."
9, UI/UX Designer       ," 26, 33, 37, 77      "," Design intuitive user interfaces, conduct user research, and ensure visual consistency."
10, Customer Service Representative ," 4, 22, 32     "," Provide support to customers, resolve issues, and maintain customer satisfaction."
11, Network Engineer     ," 23, 53, 63, 73      "," Design and implement network infrastructure, troubleshoot issues, and ensure security."
12, Sales Representative ," 4, 30, 40           "," Generate leads, negotiate deals, and build relationships with clients."
13, Operations Manager   ," 2, 8, 35, 40        "," Oversee operational processes, manage teams, and implement efficiency improvements."
14, Business Analyst     ," 3, 11, 47, 50       "," Analyze business processes, gather requirements, and provide insights for decision-making."
15, Product Manager      ," 2, 12, 48, 52       "," Define product strategy, prioritize features, and collaborate with cross-functional teams."
16, System Administrator ," 23, 27, 53, 63      "," Manage and maintain computer systems, troubleshoot technical issues, and ensure system security."
17, Content Writer       ," 4, 12, 56, 80       ", Create engaging and informative content for various platforms and audiences.
18, Graphic Designer     ," 12, 26, 37, 77      "," Design visual elements for print and digital media, ensure brand consistency, and meet client requirements."
19, Software Architect   ," 11, 27, 53, 81      "," Design software architecture, define technical standards, and ensure scalability and maintainability."
20, Human Resources Manager ," 2, 8, 28, 82     "," Develop HR strategies, oversee recruitment and employee relations, and implement policies."
21, Data Engineer        ," 3, 9, 23, 93        "," Build and maintain data pipelines, develop data models, and ensure data quality and integrity."
22, Marketing Analyst    ," 4, 31, 47, 60       "," Analyze marketing data, conduct market research, and provide insights for marketing campaigns."
23, Web Developer        ," 13, 21, 25, 39      "," Develop and maintain websites and web applications, ensure cross-browser compatibility, and optimize performance."
26, Data Entry Clerk     ," 22, 32, 40, 68     "," Enter and maintain data records, verify accuracy, and update databases."
27, IT Support Specialist," 23, 27, 53, 63     "," Provide technical assistance, troubleshoot hardware and software issues, and resolve IT-related problems."
28, Social Media Manager ," 4, 12, 20, 84      "," Develop social media strategies, create engaging content, and manage social media platforms."
29, Software Tester      ," 17, 27, 41, 70     "," Perform software testing, identify bugs, and ensure product reliability."
30, Project Coordinator  ," 2, 8, 14, 84       "," Coordinate project activities, track progress, and communicate with stakeholders."
31, UX Researcher        ," 12, 22, 33, 86     "," Conduct user research, gather feedback, and provide insights to improve user experience."
32, Technical Writer     ," 4, 12, 56, 92      "," Write technical documentation, create user guides, and explain complex concepts."
33, Business Intelligence Analyst ," 3, 11, 47, 105 "," Analyze business data, create reports, and provide insights to support strategic decision-making."
34, Data Entry Specialist ," 22, 32, 40, 68     "," Enter and maintain data records accurately, ensuring data integrity and confidentiality."
35, Sales Manager         ," 2, 12, 30, 40      "," Lead sales teams, develop sales strategies, and achieve revenue targets."
36, Technical Support Engineer ," 23, 27, 53, 69 "," Provide technical support to customers, diagnose and troubleshoot issues, and escalate complex problems."
37, UX Designer           ," 12, 21, 33, 86     "," Design intuitive and user-friendly interfaces, conduct usability testing, and iterate based on user feedback."
38, Business Consultant   ," 2, 14, 52, 87      "," Provide strategic advice to businesses, analyze operations, and recommend improvements."
39, Content Marketing Specialist ," 4, 12, 20, 84 "," Create and distribute valuable content to attract and engage target audiences, drive brand awareness, and generate leads."
40, Software Developer    ," 5, 11, 27, 39      "," Design, code, test, and debug software applications, ensuring high performance and reliability."
41, Human Resources Specialist ," 2, 8, 28, 82  "," Support HR functions, including recruitment, employee relations, training, and policy implementation."
42, SEO Specialist       ," 4, 12, 20, 86      ", Optimize website content and structure to improve search engine rankings and drive organic traffic.
43, Systems Analyst       ," 11, 27, 53, 105   "," Analyze business requirements, design system solutions, and oversee implementation and integration processes."
44, Customer Success Manager ," 4, 10, 22, 32    "," Build and maintain relationships with customers, ensure satisfaction, and address concerns."
45, Cybersecurity Analyst   ," 23, 37, 47, 115  "," Monitor and analyze security threats, implement protective measures, and respond to incidents."
46, Digital Marketing Specialist ," 4, 12, 20, 38 "," Develop and execute digital marketing campaigns, analyze performance metrics, and optimize strategies."
47, Financial Controller    ," 2, 8, 11, 31     "," Oversee financial operations, manage budgets, and ensure compliance with regulatory requirements."
48, IT Project Manager      ," 2, 8, 27, 35     "," Plan and execute IT projects, coordinate resources, and ensure timely delivery within budget and scope."
49, Operations Analyst      ," 2, 14, 31, 37    "," Analyze operational processes, identify inefficiencies, and recommend solutions for improvement."
50, Product Designer        ," 12, 21, 26, 49   "," Design innovative products, create prototypes, and collaborate with cross-functional teams to bring ideas to life."
51, Supply Chain Manager    ," 2, 8, 14, 23     "," Oversee supply chain operations, optimize processes, and manage vendor relationships to ensure efficiency and cost-effectiveness."
52, Technical Support Specialist ," 4, 27, 32, 33 "," Provide technical assistance to users, troubleshoot software and hardware issues, and escalate complex problems as needed."
53, Web Content Manager     ," 4, 12, 20, 77   "," Develop and manage website content, ensure consistency and quality, and optimize for search engines and user experience."
54, Data Visualization Specialist ," 3, 25, 54, 81 "," Create visually appealing data visualizations, interpret data insights, and communicate findings effectively."
55, Project Coordinator     ," 2, 8, 14, 33     "," Coordinate project activities, track progress, communicate with stakeholders, and ensure adherence to timelines."
56, Software Quality Assurance Engineer ," 11, 17, 28, 69 "," Develop and execute test plans, identify software defects, and ensure product quality throughout the software development lifecycle."
57, Business Development Representative ," 4, 10, 32, 38 "," Generate leads, qualify prospects, and build relationships to drive business growth and sales opportunities."
58, Cloud Solutions Architect ," 23, 35, 53, 81 "," Design and implement cloud solutions, optimize cloud architecture, and ensure scalability, reliability, and security."
59, Technical Writer        ," 4, 12, 32, 92   "," Create technical documentation, user guides, and manuals to support software products and services."
60, Marketing Coordinator   ," 4, 12, 20, 84   "," Assist in developing marketing strategies, coordinate marketing campaigns, and manage social media platforms."
61, IT Administrator       ," 23, 27, 53, 63  "," Manage and maintain IT infrastructure, troubleshoot technical issues, and ensure system reliability and security."
62, UX/UI Designer          ," 12, 21, 26, 37  "," Design intuitive user interfaces, conduct user research, and ensure a seamless user experience across digital platforms."
63, Data Engineer           ," 3, 9, 23, 93    "," Design and build data pipelines, develop data models, and implement solutions for data storage and processing."
64, Network Administrator  ," 23, 27, 53, 63      "," Manage and maintain computer networks, troubleshoot network issues, and ensure network security."
65, Sales Associate         ," 4, 10, 22, 32       "," Assist customers, process sales transactions, and provide product information and support."
66, Database Administrator ," 11, 23, 27, 73      "," Design and manage database systems, optimize database performance, and ensure data integrity and security."
67, Social Media Coordinator ," 4, 12, 20, 28     "," Manage social media accounts, create and schedule content, and engage with followers to increase brand awareness and engagement."
68, Business Intelligence Developer ," 3, 11, 27, 107 "," Develop and maintain business intelligence solutions, design data models, and create interactive dashboards and reports."
69, Content Strategist      ," 4, 12, 20, 86      "," Develop content strategies, conduct content audits, and oversee content creation and distribution to achieve marketing goals."
70, IT Analyst              ," 11, 27, 37, 53     "," Analyze IT systems and processes, identify areas for improvement, and recommend and implement solutions to enhance efficiency and effectiveness."
71, Customer Support Specialist ," 4, 22, 32, 40  "," Provide assistance to customers, troubleshoot issues, and ensure customer satisfaction through effective communication and problem-solving."
72, E-commerce Manager      ," 2, 12, 20, 32      "," Oversee e-commerce operations, manage online sales platforms, and develop strategies to optimize sales and improve the online shopping experience."
73, Data Security Analyst   ," 23, 37, 47, 115    "," Monitor and analyze data security threats, implement security measures, and ensure compliance with data protection regulations."
74, IT Consultant          ," 2, 11, 27, 38       "," Provide expert advice on IT solutions, analyze business requirements, and recommend technology strategies to enhance efficiency."
75, Marketing Analyst      ," 4, 11, 31, 42       "," Analyze marketing data, conduct market research, and generate insights to support marketing strategies and campaigns."
76, Product Owner          ," 2, 8, 11, 52        "," Define product vision, prioritize features, and collaborate with development teams to deliver high-quality products that meet customer needs."
77, Content Manager        ," 4, 12, 20, 28       "," Develop and manage content strategies, oversee content creation, and ensure content quality and consistency across digital channels."
78, Financial Planner      ," 11, 31, 47, 50      "," Provide financial advice, create personalized financial plans, and help clients achieve their financial goals."
79, UI Designer            ," 12, 21, 26, 37      "," Design user interfaces for digital products, collaborate with cross-functional teams, and ensure a seamless and visually appealing user experience."
80, Business Analyst        ," 2, 11, 31, 54      "," Analyze business processes, gather requirements, and provide insights and recommendations for improving business performance."
81, Mobile App Developer   ," 13, 21, 27, 67      "," Design and develop mobile applications for iOS and Android platforms, ensuring usability, performance, and security."
82, Supply Chain Analyst   ," 2, 11, 31, 35       "," Analyze supply chain data, identify opportunities for optimization, and implement strategies to improve efficiency and reduce costs."
83, Digital Strategist     ," 4, 12, 20, 38       "," Develop and execute digital marketing strategies, analyze performance metrics, and optimize campaigns to achieve business objectives."
84, Software Architect     ," 5, 11, 27, 53       "," Design and oversee the development of software architecture, ensuring scalability, reliability, and performance."
85, Human Resources Specialist ," 2, 8, 28, 86    "," Support HR functions such as recruitment, employee relations, training, and performance management."
86, Data Scientist         ," 1, 3, 15, 53        ", Analyze and interpret complex data sets to uncover insights and inform business decisions using statistical and machine learning techniques.
87, Digital Marketing Manager ," 4, 12, 20, 38   "," Develop and implement digital marketing strategies, oversee digital campaigns, and analyze performance metrics to optimize results."
88, Systems Engineer        ," 23, 27, 53, 63    "," Design, implement, and maintain computer systems and networks, ensuring reliability, security, and performance."
89, Content Creator         ," 4, 12, 20, 86     "," Create engaging and relevant content for various platforms, such as blogs, social media, and videos, to attract and retain audiences."
90, IT Security Specialist ," 23, 37, 47, 115   ", Implement and manage security measures to protect computer systems and networks from cyber threats and breaches.
91, Marketing Coordinator  ," 4, 12, 20, 84     "," Assist in the development and implementation of marketing strategies and campaigns, including social media management and content creation."
92, Financial Analyst       ," 11, 31, 47, 52    "," Analyze financial data, prepare reports, and provide insights to support strategic decision-making and financial planning."
93, UX/UI Designer          ," 12, 21, 26, 37    "," Design user interfaces and experiences for digital products, ensuring usability, accessibility, and visual appeal."
